SMILES,NLL
CN(C)CCOC(c1ccccc1)c1ccccc1,0.0002788170240819454
CCOCCn1c(C2CCN(CCc3ccc(C(C)(C)C(=O)O)cc3)CC2)nc2ccccc21,9.807583808898926
CC(C)(C)c1ccc(C(=O)CCCN2CCC(OC(c3ccccc3)c3ccccc3)CC2)cc1,11.320474624633789
CN(C)CCC(c1ccc(Cl)cc1)c1ccccn1,11.37350845336914
CC(C)(C(=O)O)c1ccc(C(O)CCCN2CCC(C(O)(c3ccccc3)c3ccccc3)CC2)cc1,11.529144287109375
CN(c1nccc(=O)[nH]1)C1CCN(c2nc3ccccc3n2Cc2ccc(F)cc2)CC1,11.914024353027344
O=C(O)COCCN1CCN(C(c2ccccc2)c2ccccc2)CC1,11.985875129699707
O=C(O)COCCN1CCN(C(c2ccccc2)c2ccc(Cl)cc2)CC1,12.033023834228516
CC(CN1c2ccccc2Sc2ccccc21)N(C)C,12.476095199584961
OCCOCCN1CCN(C(c2ccccc2)c2ccccc2)CC1,13.15479564666748
CN(C)CCOC(=O)c1ccccc1,13.286688804626465
CN(CCOC(c1ccccc1)c1ccccc1)Cc1ccccc1,13.511336326599121
c1ccc(C(OCCN2CCN(C(c3ccccc3)c3ccccc3)CC2)c2ccccc2)cc1,13.70300006866455
CN(C)CCOC(c1ccccc1)c1ccco1,14.201470375061035
Cc1ccccc1C(OCCN(C)C)c1ccccc1,14.804572105407715
O=C(c1ccccc1)N(CCOC(c1ccccc1)c1ccccc1)c1ccccc1,14.876651763916016
CC(C)(C)c1ccc(NCCOC(c2ccccc2)c2ccccc2)cc1,14.906807899475098
CCOC(=O)N1CCC(=C2c3ccc(Cl)cc3CCc3cccnc32)CC1,14.973602294921875
CN(C)CCOC(=O)c1ccccc1F,15.029778480529785
CC(COC(c1ccccc1)c1ccccc1)N(C)C,15.121842384338379
Cc1ccc(C(OCCN(C)C)c2ccccc2)cc1,15.377449035644531
CC(=O)NCCOC(c1ccccc1)c1ccccc1,15.720747947692871
CS(=O)(=O)N(CCOC(c1ccccc1)c1ccccc1)c1ccccc1,15.829384803771973
O=C(NCCOC(c1ccccc1)c1ccccc1)c1ccccc1,16.481245040893555
CN(CCOC(c1ccccc1)c1ccccc1)S(=O)(=O)c1ccccc1,16.757545471191406
CC(C)OCCOCN(C)C,17.1141414642334
CN(Cc1ccccc1)C1CCN(CCc2ccccc2)CC1,17.18772315979004
O=C(NNC(=O)c1ccccc1)c1ccccc1,17.232898712158203
CN(C)CCOC(=O)c1ccccc1C(F)(F)F,17.31692886352539
c1ccc(CNCCOc2ccccc2)cc1,17.671247482299805
CN(Cc1ccccc1)Cc1ccccc1,17.881202697753906
CN(C)CCSCC(C)(C)N(C)C,18.396543502807617
COCC=NO,19.240394592285156
CN(CCOCCOCCOC(c1ccccc1)c1ccccc1)CCOC(c1ccccc1)c1ccccc1,19.26926612854004
CC(C)C(CO)NC(c1ccccc1)c1ccccc1,19.385395050048828
CNC(=N)c1ccccc1,19.398942947387695
CCNC(C)CCOC(c1ccccc1)c1ccccc1,19.55553436279297
CCCCCCNC(c1ccccc1)c1ccccc1,19.604263305664062
CC(C)NCC(O)COc1ccc(O)cc1,19.702442169189453
CC(=O)NC1CCN(C(c2ccccc2)c2ccccc2)CC1,19.892627716064453
CN(C)CCS(=O)(=O)N1CCN(C(=O)C2CC2)CC1,19.89805793762207
c1ccc(CN=c2[nH]c(=NCc3ccccc3)c3ccccc3[nH]2)cc1,20.369421005249023
COCC(COC)NC(=O)c1ccc(C(C)(C)C)cc1,20.62632942199707
CCN(CC)CCNC(=S)NCc1ccc(C(C)(C)C)cc1,20.78609848022461
CN(C)C(=O)c1ccc(NC(=O)c2ccccc2F)cc1,21.01118278503418
O=C(NCCCn1ccnc1)c1ccccc1Cl,22.426254272460938
COCCNCC(=O)NC(C)C,22.54659652709961
CC1Oc2ccccc2N(CCOC(c2ccccc2)c2ccccc2)C1=O,22.69349479675293
O=C(Nc1cccc(C(O)c2ccccc2)c1)c1ccccc1,22.84939193725586
CCN(CC)CCOCC(=O)Nc1ccc(C(C)C)cc1,22.974525451660156
CN(CCCn1cccc1)CCOC(c1ccccc1)c1ccccc1,23.129600524902344
O=C(NCCN1CCN(C(c2ccccc2)c2ccccc2)CC1)c1ccccc1,24.628400802612305
CC(=O)c1ccc(N=C2NCCO2)cc1,24.82282257080078
CNC(=O)Cn1c(C2CCN(CCOCC(=O)N(C)C)CC2)nc2ccccc21,25.117341995239258
CCN(CC)C(=O)C(c1cccc(C(N)c2ccccc2)c1)N(C)C,25.196062088012695
CCC(CO)NC(=O)C1(c2ccccc2)CCN(CCOC(c2ccccc2)c2ccccc2)CC1,25.301708221435547
CC(C)NC(=O)C1CC(F)CN1C(=O)Cn1cc(C(=O)C(C)(C)C)c2ccccc21,25.37471580505371
Cn1ncc(C(=O)Nc2c(Cl)cccc2Cl)c1C(F)(F)F,25.770156860351562
CC(C)CC(NC(=O)Cc1ccccc1)C(=O)NC(CC(C)C)C(=O)C1(C)CO1,25.982337951660156
CC(C)CCn1cc(NC(=O)c2cccc(NC(=O)c3ccc(C(=N)N)cc3)c2)cc1C(=O)NCCC(=N)N,26.12610626220703
CC(C)OCCCN(C)C(=O)CCNC(=O)c1ccccc1,26.21224021911621
CCNC(=O)CCN1CCC(=C(c2ccccc2)c2ccc(C(C)(C)C)cc2)CC1,26.231698989868164
CC(C)(C)CC(=O)NC1CCC(COC(c2ccccc2)c2ccccc2)(c2ccccc2)CC1,26.31081771850586
CC(C)(C)OC(=O)N1CCN(C(=O)C(NC(=O)OC2CCCC2)C(C)(C)C)C1C(=O)NCc1ccccc1,27.4679012298584
COCCN=c1[nH]c(=Nc2ccc(C#N)cc2)[nH]cc1C(F)(F)F,28.1236629486084
N=C(CC(=O)c1ccccc1)c1cccnc1,28.62834358215332
Cc1c(C(=O)NN=C(C2CC2)C2CC2)cc(C(C)(C)C)n1C,28.875080108642578
OC(c1ccccc1)(c1ccccc1)C1CCC(NCC2CC2)CC1,29.85930633544922
CCN(CC)CCCNCCn1c(CCc2ccccc2)nc2ccccc21,30.242218017578125
N=C(N)c1ccc(Nc2ccc(COC(=O)c3ccccc3)cc2)cc1,31.22796058654785
CC(=O)C1=C(C)C(C)CC(C(=O)O)C1C(=O)Nc1ccccc1Cl,31.897310256958008
CCC(C)c1ccc(OCC(=O)Nc2ccc(C(=O)NCCc3ccccc3)cc2)cc1,32.50126647949219
CCC(NC(=O)c1ccccc1)C(=O)NC(CC(C)C)C(=O)N1CCC(=O)C1,32.80201721191406
CCC(C)C(NC(=O)CC(N)=O)C(=O)Nc1cccc(OC)c1,36.73539733886719
